ENSEMBL_gene_id,HUGO_gene_id,Genetype,Sum of relative sex predictivity,Avg of relative sex predictivity (*100),#Tissues predictivity,Female-biased,Male-biased,Female-biased (median),Male-biased (median),Reported Escapee,Brain count
ENSG00000229807,XIST,lincRNA,27.91322381,63.43914502,44,44,0,9.514,NA,1,14
ENSG00000270641,TSIX,lincRNA,10.14860527,23.6014076,43,1,0,7.48,NA,1,0
ENSG00000147050,KDM6A,protein_coding,0.953642696,3.405866772,28,44,0,0.636,NA,1,14
ENSG00000005889,ZFX,protein_coding,0.571802296,1.681771458,34,44,0,0.581,NA,1,14
ENSG00000198034,RPS4X,protein_coding,0.437480746,2.083241648,21,44,0,0.485,NA,1,14
ENSG00000184368,MAP7D2,protein_coding,0.302629768,2.751179708,11,23,3,0.68,-0.208,1,3
ENSG00000006757,PNPLA4,protein_coding,0.284666902,1.293940463,22,44,0,0.419,NA,1,14
ENSG00000126012,KDM5C,protein_coding,0.282845243,1.131380971,25,44,0,0.448,NA,1,14
ENSG00000130021,PUDP,protein_coding,0.244159732,0.739877975,33,44,0,0.562,NA,1,14
ENSG00000169249,ZRSR2,protein_coding,0.202390353,1.065212382,19,44,0,0.419,NA,1,14
ENSG00000225470,JPX,lincRNA,0.125444899,0.784030617,16,44,0,0.52,NA,1,14
ENSG00000173674,EIF1AX,protein_coding,0.123401386,0.822675908,15,44,0,0.46,NA,1,14
ENSG00000230146,SEPHS1P4,processed_pseudogene,0.088901542,1.481692363,6,1,0,2.687,NA,0,0
ENSG00000169895,SYAP1,protein_coding,0.051258149,0.569534988,9,44,0,0.251,NA,1,14
ENSG00000183479,TREX2,protein_coding,0.051045928,2.552296394,2,1,1,0.093,-0.081,1,0
ENSG00000089472,HEPH,protein_coding,0.049068079,1.226701978,4,8,5,0.11,-0.136,0,3
ENSG00000006756,ARSD,protein_coding,0.046930073,0.361000564,13,38,0,0.24,NA,1,10
ENSG00000260802,LINC00890,protein_coding,0.037678164,0.75356327,5,2,6,0.692,-0.602,0,0
ENSG00000215301,DDX3X,protein_coding,0.033711881,0.421398511,8,44,0,0.419,NA,1,14
ENSG00000205664,RP11-706O15.1,lincRNA,0.028984463,0.362305792,8,44,0,0.313,NA,1,14
ENSG00000056998,GYG2,protein_coding,0.02860518,0.476753002,6,29,1,0.39,-0.102,1,6
ENSG00000205542,TMSB4X,protein_coding,0.025609206,0.64023016,4,0,3,NA,-0.05,1,0
ENSG00000183943,PRKX,protein_coding,0.023830772,0.340439599,7,43,0,0.223,NA,1,13
ENSG00000068400,GRIPAP1,protein_coding,0.022800011,0.456000218,5,0,24,NA,-0.027,1,2
ENSG00000198883,PNMA5,protein_coding,0.022465084,1.123254218,2,0,2,NA,-0.22,1,0
ENSG00000130054,FAM155B,protein_coding,0.020939129,0.523478214,4,0,1,NA,-0.735,0,0
ENSG00000124343,XG,protein_coding,0.020483126,0.170692715,12,26,0,0.326,NA,1,2
ENSG00000179542,SLITRK4,protein_coding,0.019034707,0.317245122,6,4,19,0.066,-0.403,0,5
ENSG00000258545,RHOXF1-AS1,antisense,0.019019295,0.47548238,4,16,1,0.346,-0.301,0,11
ENSG00000181433,SAGE1,protein_coding,0.018625814,0.465645352,4,6,0,0.823,NA,0,6
ENSG00000196507,TCEAL3,protein_coding,0.018215546,0.910777318,2,1,2,0.052,-0.035,0,0
ENSG00000205642,VCX3B,protein_coding,0.017693983,0.589799445,3,7,0,0.235,NA,0,1
ENSG00000101901,ALG13,protein_coding,0.016912177,0.845608841,2,32,0,0.087,NA,1,3
ENSG00000269586,CT45A10,protein_coding,0.016388224,0.819411186,2,6,0,0.291,NA,0,6
ENSG00000234969,RP13-33H18.1,processed_pseudogene,0.015992082,0.319841646,5,39,0,0.404,NA,0,12
ENSG00000102174,PHEX,protein_coding,0.015226273,0.761313631,2,0,8,NA,-0.071,1,8
ENSG00000185753,CXorf38,protein_coding,0.014602334,0.292046677,5,32,0,0.083,NA,1,4
ENSG00000278530,CHMP1B2P,transcribed_unitary_pseudogene,0.014333122,0.204758892,7,0,25,NA,-0.232,0,2
ENSG00000186675,MAGEE2,protein_coding,0.013045167,0.434838909,3,0,23,NA,-0.109,0,13
ENSG00000184634,MED12,protein_coding,0.012861806,0.214363429,6,2,0,0.021,NA,1,0
ENSG00000181704,YIPF6,protein_coding,0.012349973,0.246999467,5,13,1,0.015,-0.023,0,2
ENSG00000101890,GUCY2F,protein_coding,0.011606431,1.160643065,1,1,0,0.658,NA,0,0
ENSG00000196632,WNK3,protein_coding,0.010235646,0.127945573,8,2,5,0.074,-0.089,0,2
ENSG00000120509,PDZD11,protein_coding,0.010028472,0.143263886,7,0,3,NA,-0.026,0,1
ENSG00000101883,RHOXF1,protein_coding,0.009835399,0.491769926,2,11,0,0.154,NA,1,3
ENSG00000130988,RGN,protein_coding,0.009736336,0.243408404,4,1,13,0.184,-0.09,0,2
ENSG00000155959,VBP1,protein_coding,0.009511298,0.475564887,2,1,9,0.025,-0.02,1,0
ENSG00000005893,LAMP2,protein_coding,0.009327227,0.155453779,6,2,2,0.045,-0.023,1,0
ENSG00000147133,TAF1,protein_coding,0.009226635,0.092266347,10,0,26,NA,-0.017,0,8
ENSG00000180182,MED14,protein_coding,0.009174314,0.11467892,8,28,2,0.053,-0.031,1,3
ENSG00000102081,FMR1,protein_coding,0.009113924,0.151898739,6,0,2,NA,-0.015,0,1
ENSG00000076770,MBNL3,protein_coding,0.008590383,0.214759567,4,0,4,NA,-0.311,1,1
ENSG00000172534,HCFC1,protein_coding,0.008463728,0.282124271,3,26,0,0.023,NA,1,5
ENSG00000172943,PHF8,protein_coding,0.008350628,0.104382847,8,0,8,NA,-0.015,1,0
ENSG00000184194,GPR173,protein_coding,0.008251539,0.206288467,4,3,0,0.04,NA,1,0
ENSG00000182890,GLUD2,protein_coding,0.008180832,0.272694411,3,0,18,NA,-0.075,0,0
ENSG00000101888,NXT2,protein_coding,0.008071597,0.201789917,4,12,0,0.033,NA,1,0
ENSG00000134602,STK26,protein_coding,0.00796618,0.199154493,4,10,2,0.038,-0.169,0,1
ENSG00000102287,GABRE,protein_coding,0.007878391,0.393919569,2,1,0,0.068,NA,1,0
ENSG00000125676,THOC2,protein_coding,0.007866087,0.196652172,4,4,0,0.016,NA,0,0
ENSG00000101846,STS,protein_coding,0.007732519,0.128875313,6,44,0,0.432,NA,1,14
ENSG00000169059,VCX3A,protein_coding,0.007493931,0.187348282,4,11,0,0.194,NA,0,11
ENSG00000147117,ZNF157,protein_coding,0.007272594,0.24241979,3,1,0,0.116,NA,1,0
ENSG00000089682,RBM41,protein_coding,0.006616944,0.082711794,8,0,11,NA,-0.04,1,0
ENSG00000274588,DGKK,protein_coding,0.006518136,0.325906822,2,0,3,NA,-0.724,0,0
ENSG00000186810,CXCR3,protein_coding,0.006491424,0.216380797,3,2,0,0.083,NA,0,0
ENSG00000102271,KLHL4,protein_coding,0.006458929,0.32294646,2,11,1,0.04,-0.171,1,6
ENSG00000228906,RP13-216E22.4,lincRNA,0.006444244,0.071602712,9,43,0,0.579,NA,1,14
ENSG00000101951,PAGE4,protein_coding,0.00641196,0.64119601,1,1,0,1.791,NA,0,0
ENSG00000171155,C1GALT1C1,protein_coding,0.006388021,0.319401026,2,0,5,NA,-0.032,1,0
ENSG00000101871,MID1,protein_coding,0.006090186,0.152254657,4,2,0,0.068,NA,0,0
ENSG00000080561,MID2,protein_coding,0.006025123,0.120502451,5,0,2,NA,-0.039,1,0
ENSG00000229491,RP11-342D14.1,antisense,0.005765618,0.288280895,2,1,0,0.126,NA,0,0
ENSG00000184515,BEX5,protein_coding,0.005636283,0.281814139,2,2,0,0.065,NA,0,0
ENSG00000147174,GCNA,protein_coding,0.005595615,0.186520484,3,1,0,0.03,NA,0,0
ENSG00000123130,ACOT9,protein_coding,0.00553391,0.138347758,4,0,2,NA,-0.026,1,0
ENSG00000131831,RAI2,protein_coding,0.005423735,0.135593379,4,0,15,NA,-0.073,0,1
ENSG00000158578,ALAS2,protein_coding,0.005395978,0.269798884,2,2,0,0.197,NA,0,0
ENSG00000176896,TCEANC,protein_coding,0.005321256,0.133031408,4,26,0,0.104,NA,1,1
ENSG00000068308,OTUD5,protein_coding,0.005179907,0.073998678,7,0,10,NA,-0.01,1,0
ENSG00000102172,SMS,protein_coding,0.005115876,0.170529213,3,8,0,0.03,NA,0,0
ENSG00000125675,GRIA3,protein_coding,0.005064917,0.506491687,1,6,1,0.188,-0.352,1,1
ENSG00000185222,TCEAL9,protein_coding,0.005046284,0.100925684,5,10,12,0.045,-0.039,1,10
ENSG00000156313,RPGR,protein_coding,0.005031005,0.083850085,6,4,2,0.039,-0.048,0,2
ENSG00000224975,INE1,sense_intronic,0.005012473,0.125311831,4,44,0,0.247,NA,0,14
ENSG00000010404,IDS,protein_coding,0.004960523,0.099210452,5,0,5,NA,-0.028,1,0
ENSG00000183837,PNMA3,protein_coding,0.004851166,0.161705525,3,1,7,0.138,-0.099,1,0
ENSG00000147124,ZNF41,protein_coding,0.00471125,0.094225001,5,0,17,NA,-0.019,0,7
ENSG00000102098,SCML2,protein_coding,0.004702161,0.117554022,4,0,1,NA,-0.459,0,0
ENSG00000013563,DNASE1L1,protein_coding,0.004679636,0.233981821,2,0,7,NA,-0.022,1,0
ENSG00000147082,CCNB3,protein_coding,0.004584931,0.229246552,2,0,4,NA,-0.115,0,0
ENSG00000215105,TTC3P1,processed_pseudogene,0.004300235,0.143341153,3,27,0,0.076,NA,0,11
ENSG00000260822,GS1-358P8.4,sense_overlapping,0.004202362,0.140078742,3,1,15,0.086,-0.06,0,1
ENSG00000279413,AC112497.1,pseudogene,0.004115358,0.102883962,4,43,0,0.255,NA,0,14
ENSG00000068438,FTSJ1,protein_coding,0.004094677,0.204733838,2,11,0,0.018,NA,1,5
ENSG00000062096,ARSF,protein_coding,0.004032557,0.201627863,2,9,0,0.086,NA,1,6
ENSG00000147036,LANCL3,protein_coding,0.004022968,0.134098932,3,7,1,0.168,-0.171,1,2
ENSG00000188153,COL4A5,protein_coding,0.00401882,0.200940984,2,14,8,0.29,-0.159,0,14
ENSG00000147140,NONO,protein_coding,0.003986365,0.199318247,2,0,1,NA,-0.028,1,0
ENSG00000102158,MAGT1,protein_coding,0.003972263,0.066204376,6,3,0,0.03,NA,0,0
ENSG00000174460,ZCCHC12,protein_coding,0.003952817,0.131760567,3,0,1,NA,-0.23,1,0
ENSG00000157502,MUM1L1,protein_coding,0.003887885,0.097197135,4,3,9,0.148,-0.364,0,1
ENSG00000235703,LINC00894,antisense,0.003883675,0.09709188,4,0,1,NA,-0.04,0,0
ENSG00000101940,WDR13,protein_coding,0.003832256,0.127741882,3,8,8,0.017,-0.022,0,8
ENSG00000232119,MCTS1,protein_coding,0.00382109,0.127369682,3,2,2,0.02,-0.025,1,0
ENSG00000236064,RP6-191P20.4,antisense,0.003783453,0.378345315,1,0,9,NA,-0.097,0,9
ENSG00000235961,PNMA6A,protein_coding,0.003757494,0.375749425,1,8,1,0.146,-0.18,0,0
ENSG00000068354,TBC1D25,protein_coding,0.003748422,0.074968437,5,0,2,NA,-0.024,1,0
ENSG00000079482,OPHN1,protein_coding,0.00366807,0.091701745,4,15,0,0.03,NA,0,10
ENSG00000231217,RP11-1M18.1,lincRNA,0.003639369,0.072787376,5,3,0,0.626,NA,0,0
ENSG00000171100,MTM1,protein_coding,0.003613371,0.180668548,2,7,1,0.025,-0.025,0,6
ENSG00000005022,SLC25A5,protein_coding,0.003609381,0.180469054,2,31,0,0.033,NA,1,9
ENSG00000102226,USP11,protein_coding,0.003593591,0.119786366,3,9,8,0.033,-0.025,1,8
ENSG00000187690,CXorf67,protein_coding,0.003560667,0.089016676,4,2,0,0.138,NA,0,2
ENSG00000101966,XIAP,protein_coding,0.003528122,0.088203056,4,0,15,NA,-0.014,1,2
ENSG00000204116,CHIC1,protein_coding,0.003514341,0.070286827,5,0,1,NA,-0.199,0,0
ENSG00000101868,POLA1,protein_coding,0.003495187,0.058253121,6,9,0,0.024,NA,1,7
ENSG00000130119,GNL3L,protein_coding,0.003420462,0.114015399,3,0,2,NA,-0.037,0,0
ENSG00000165186,PTCHD1,protein_coding,0.003389588,0.084739695,4,2,0,0.059,NA,1,2
ENSG00000123575,FAM199X,protein_coding,0.00333353,0.055558833,6,0,5,NA,-0.016,0,3
ENSG00000008056,SYN1,protein_coding,0.003291446,0.10971487,3,3,3,0.026,-0.128,1,3
ENSG00000046647,GEMIN8,protein_coding,0.003279788,0.08199469,4,40,0,0.176,NA,1,10
ENSG00000047648,ARHGAP6,protein_coding,0.003272853,0.054547544,6,0,12,NA,-0.06,0,1
ENSG00000269335,IKBKG,protein_coding,0.003268635,0.108954494,3,0,21,NA,-0.031,1,0
ENSG00000047644,WWC3,protein_coding,0.003228784,0.080719606,4,0,13,NA,-0.021,1,10
ENSG00000180964,TCEAL8,protein_coding,0.003228018,0.322801807,1,0,4,NA,-0.023,0,0
ENSG00000011201,ANOS1,protein_coding,0.003188831,0.045554725,7,16,0,0.134,NA,1,6
ENSG00000123562,MORF4L2,protein_coding,0.003168035,0.079200882,4,1,3,0.039,-0.023,1,0
ENSG00000232593,KANTR,protein_coding,0.003085567,0.154278375,2,8,0,0.021,NA,0,0
ENSG00000188706,ZDHHC9,protein_coding,0.003079127,0.307912743,1,6,4,0.036,-0.036,0,4
ENSG00000126010,GRPR,protein_coding,0.003039885,0.151994231,2,0,1,NA,-0.432,1,0
ENSG00000147403,RPL10,protein_coding,0.003002701,0.050045009,6,0,1,NA,-0.035,1,0
ENSG00000271533,RP3-368A4.6,sense_intronic,0.002906009,0.09686698,3,9,0,0.034,NA,0,2
ENSG00000204118,NAP1L6,protein_coding,0.002877283,0.143864129,2,0,11,NA,-0.1,0,5
ENSG00000174740,PABPC5,protein_coding,0.002874772,0.143738615,2,4,0,0.072,NA,1,2
ENSG00000173698,ADGRG2,protein_coding,0.002868051,0.057361018,5,10,0,0.253,NA,0,0
ENSG00000044446,PHKA2,protein_coding,0.002833653,0.094455116,3,5,1,0.027,-0.102,1,0
ENSG00000130741,EIF2S3,protein_coding,0.002818402,0.040262892,7,44,0,0.288,NA,1,14
ENSG00000186312,CA5BP1,transcribed_unprocessed_pseudogene,0.002784005,0.069600118,4,44,0,0.282,NA,1,14
ENSG00000005302,MSL3,protein_coding,0.002775314,0.05550627,5,2,0,0.092,NA,1,0
ENSG00000169057,MECP2,protein_coding,0.002684656,0.067116404,4,0,3,NA,-0.02,1,0
ENSG00000158813,EDA,protein_coding,0.002649091,0.088303019,3,14,0,0.054,NA,1,0
ENSG00000047634,SCML1,protein_coding,0.002618555,0.065463887,4,0,32,NA,-0.04,0,13
ENSG00000126756,UXT,protein_coding,0.002591138,0.064778447,4,8,1,0.021,-0.025,1,0
ENSG00000102384,CENPI,protein_coding,0.002573628,0.085787596,3,1,0,0.095,NA,0,0
ENSG00000198354,DCAF12L2,protein_coding,0.002539985,0.084666158,3,5,0,0.154,NA,0,0
ENSG00000188917,TRMT2B,protein_coding,0.002527822,0.06319554,4,25,0,0.029,NA,1,11
ENSG00000147010,SH3KBP1,protein_coding,0.002524567,0.08415225,3,5,1,0.042,-0.045,1,0
ENSG00000133142,TCEAL4,protein_coding,0.002517421,0.251742139,1,0,8,NA,-0.038,1,0
ENSG00000274536,RP6-159A1.4,antisense,0.002490183,0.083006099,3,9,0,0.142,NA,0,0
ENSG00000130066,SAT1,protein_coding,0.002480781,0.082692707,3,0,29,NA,-0.047,1,12
ENSG00000223714,RP5-1172N10.2,lincRNA,0.002475051,0.082501705,3,4,0,0.28,NA,0,0
ENSG00000147065,MSN,protein_coding,0.002469586,0.061739644,4,0,4,NA,-0.026,0,0
ENSG00000147044,CASK,protein_coding,0.002460379,0.061509463,4,33,0,0.023,NA,0,12
ENSG00000102290,PCDH11X,protein_coding,0.002442598,0.244259844,1,2,1,0.239,-0.262,1,0
ENSG00000214018,RRM2P3,processed_pseudogene,0.002399344,0.047986879,5,0,2,NA,-0.141,0,0
ENSG00000269313,MAGIX,protein_coding,0.002396967,0.239696672,1,0,8,NA,-0.054,0,2
ENSG00000236393,RP11-320G24.1,lincRNA,0.002390859,0.059771483,4,5,0,0.12,NA,0,0
ENSG00000012174,MBTPS2,protein_coding,0.002387526,0.079584204,3,0,2,NA,-0.033,0,0
ENSG00000156298,TSPAN7,protein_coding,0.002379374,0.059484358,4,5,0,0.061,NA,0,0
ENSG00000196998,WDR45,protein_coding,0.002341917,0.058547917,4,0,22,NA,-0.024,0,4
ENSG00000169239,CA5B,protein_coding,0.002297823,0.057445573,4,43,0,0.256,NA,1,14
ENSG00000198918,RPL39,protein_coding,0.002296038,0.032800541,7,0,1,NA,-0.044,0,0
ENSG00000227329,RP11-258C19.4,processed_pseudogene,0.002294212,0.114710617,2,19,0,0.095,NA,0,1
ENSG00000094841,UPRT,protein_coding,0.002290763,0.05726908,4,15,0,0.017,NA,0,6
ENSG00000212663,RP1-122K4.3,lincRNA,0.002286584,0.057164605,4,17,0,0.283,NA,0,10
ENSG00000147202,DIAPH2,protein_coding,0.002258877,0.05647192,4,2,0,0.029,NA,1,0
ENSG00000069535,MAOB,protein_coding,0.002249147,0.22491466,1,4,0,0.064,NA,0,0
ENSG00000188158,NHS,protein_coding,0.002233323,0.074444091,3,0,1,NA,-0.031,1,0
ENSG00000133138,TBC1D8B,protein_coding,0.002230423,0.111521134,2,22,0,0.043,NA,0,8
ENSG00000046653,GPM6B,protein_coding,0.002221035,0.044420692,5,20,2,0.137,-0.268,1,3
ENSG00000046651,OFD1,protein_coding,0.002209491,0.110474526,2,40,0,0.174,NA,1,11
ENSG00000101911,PRPS2,protein_coding,0.002201711,0.055042783,4,0,7,NA,-0.064,1,0
ENSG00000173681,CXorf23,protein_coding,0.002164702,0.072156747,3,8,0,0.026,NA,1,1
ENSG00000198759,EGFL6,protein_coding,0.002153132,0.035885534,6,5,2,0.487,-0.122,0,0
ENSG00000102359,SRPX2,protein_coding,0.002132506,0.071083548,3,0,11,NA,-0.072,1,0
ENSG00000102103,PQBP1,protein_coding,0.002102319,0.042046389,5,0,2,NA,-0.022,1,0
ENSG00000018610,CXorf56,protein_coding,0.002098038,0.209803793,1,13,0,0.02,NA,1,6
ENSG00000165775,FUNDC2,protein_coding,0.002087182,0.069572718,3,0,11,NA,-0.015,0,7
ENSG00000124429,POF1B,protein_coding,0.002082055,0.069401847,3,24,0,0.002,NA,1,3
ENSG00000007952,NOX1,protein_coding,0.002048939,0.051223483,4,1,0,0.095,NA,1,0
ENSG00000198947,DMD,protein_coding,0.002043413,0.068113782,3,14,0,0.071,NA,1,2
ENSG00000184083,FAM120C,protein_coding,0.002030278,0.040605569,5,0,2,NA,-0.034,0,0
ENSG00000067445,TRO,protein_coding,0.002020617,0.101030829,2,0,21,NA,-0.036,0,11
ENSG00000147118,ZNF182,protein_coding,0.002016041,0.050401034,4,0,5,NA,-0.016,0,0
ENSG00000102125,TAZ,protein_coding,0.002012296,0.067076524,3,1,6,0.019,-0.019,1,1
ENSG00000165197,VEGFD,protein_coding,0.001868128,0.037362567,5,3,0,0.244,NA,0,0
ENSG00000186376,ZNF75D,protein_coding,0.001865566,0.062185518,3,1,0,0.035,NA,0,0
ENSG00000072501,SMC1A,protein_coding,0.001860079,0.062002638,3,44,0,0.239,NA,1,14
ENSG00000101811,CSTF2,protein_coding,0.001854246,0.092712298,2,0,15,NA,-0.027,0,11
ENSG00000155966,AFF2,protein_coding,0.001851126,0.046278147,4,0,16,NA,-0.213,1,2
ENSG00000101974,ATP11C,protein_coding,0.001772143,0.04430358,4,0,4,NA,-0.027,1,2
ENSG00000184831,APOO,protein_coding,0.001745521,0.087276047,2,3,1,0.036,-0.03,1,1
ENSG00000224204,PHEX-AS1,antisense,0.001717947,0.057264885,3,3,0,0.206,NA,0,0
ENSG00000207870,MIR221,miRNA,0.001716657,0.171665701,1,1,0,0.124,NA,0,0
ENSG00000157399,ARSE,protein_coding,0.001713063,0.05710211,3,28,0,0.293,NA,1,8
ENSG00000131269,ABCB7,protein_coding,0.001706816,0.034136324,5,20,0,0.02,NA,1,6
ENSG00000130032,PRRG3,protein_coding,0.001693042,0.084652119,2,4,0,0.121,NA,0,0
ENSG00000126903,SLC10A3,protein_coding,0.001686438,0.05621459,3,1,8,0.105,-0.03,0,0
ENSG00000165240,ATP7A,protein_coding,0.001679882,0.033597648,5,0,1,NA,-0.026,1,0
ENSG00000130985,UBA1,protein_coding,0.001676771,0.083838555,2,44,0,0.168,NA,1,14
ENSG00000172476,RAB40A,protein_coding,0.001654701,0.041367537,4,1,12,0.184,-0.092,1,0
ENSG00000186416,NKRF,protein_coding,0.001650838,0.041270947,4,13,1,0.035,-0.049,1,3
ENSG00000197565,COL4A6,protein_coding,0.001631147,0.054371576,3,0,7,NA,-0.196,1,1
ENSG00000102383,ZDHHC15,protein_coding,0.001588477,0.079423875,2,13,0,0.039,NA,0,0
ENSG00000102302,FGD1,protein_coding,0.001547298,0.077364895,2,1,4,0.029,-0.077,1,0
ENSG00000146950,SHROOM2,protein_coding,0.001511389,0.037784722,4,1,4,0.082,-0.051,1,1
ENSG00000158290,CUL4B,protein_coding,0.001496502,0.049883398,3,1,13,0.058,-0.04,1,0
ENSG00000165175,MID1IP1,protein_coding,0.001444252,0.072212588,2,0,13,NA,-0.039,1,0
ENSG00000133124,IRS4,protein_coding,0.001441377,0.14413768,1,2,0,0.231,NA,0,0
ENSG00000131724,IL13RA1,protein_coding,0.001431276,0.047709208,3,5,0,0.033,NA,0,1
ENSG00000165704,HPRT1,protein_coding,0.001421488,0.047382941,3,11,0,0.022,NA,0,1
ENSG00000184216,IRAK1,protein_coding,0.001417395,0.047246488,3,0,28,NA,-0.036,1,11
ENSG00000205667,ARSH,protein_coding,0.001416806,0.141680633,1,5,0,0.457,NA,1,1
ENSG00000271199,RP13-216E22.5,sense_overlapping,0.001395183,0.046506095,3,4,0,0.511,NA,0,0
ENSG00000133131,MORC4,protein_coding,0.001389789,0.034744728,4,3,2,0.03,-0.025,0,0
ENSG00000101844,ATG4A,protein_coding,0.001388598,0.046286591,3,0,10,NA,-0.021,0,9
ENSG00000101850,GPR143,protein_coding,0.001370863,0.045695423,3,15,1,0.076,-0.192,1,13
ENSG00000101825,MXRA5,protein_coding,0.001362938,0.034073444,4,20,0,0.115,NA,1,0
ENSG00000089289,IGBP1,protein_coding,0.001359077,0.045302565,3,17,0,0.024,NA,1,5
ENSG00000063587,ZNF275,protein_coding,0.00134034,0.033508501,4,1,1,0.023,-0.038,1,0
ENSG00000234785,EEF1GP5,processed_pseudogene,0.001332708,0.133270831,1,5,0,0.138,NA,0,0
ENSG00000086712,TXLNG,protein_coding,0.001319428,0.032985706,4,44,0,0.305,NA,1,14
ENSG00000129675,ARHGEF6,protein_coding,0.001314291,0.065714565,2,2,0,0.043,NA,0,0
ENSG00000187268,FAM9C,protein_coding,0.001301491,0.032537264,4,4,0,0.865,NA,1,0
ENSG00000197620,CXorf40A,protein_coding,0.001297092,0.043236403,3,0,1,NA,-0.052,1,0
ENSG00000169891,REPS2,protein_coding,0.001295155,0.064757755,2,1,15,0.295,-0.042,0,6
ENSG00000196338,NLGN3,protein_coding,0.001294923,0.032373078,4,1,3,0.131,-0.064,1,0
ENSG00000087842,PIR,protein_coding,0.001294904,0.043163452,3,21,0,0.07,NA,1,0
ENSG00000156697,UTP14A,protein_coding,0.001281887,0.042729559,3,0,1,NA,-0.026,1,0
ENSG00000102054,RBBP7,protein_coding,0.00127416,0.031854004,4,5,19,0.072,-0.043,1,11
ENSG00000147027,TMEM47,protein_coding,0.001262136,0.063106813,2,0,1,NA,-0.046,0,0
ENSG00000186787,SPIN2B,protein_coding,0.001261516,0.063075824,2,12,0,0.03,NA,0,0
ENSG00000157514,TSC22D3,protein_coding,0.001255205,0.062760232,2,4,0,0.093,NA,1,0
ENSG00000156709,AIFM1,protein_coding,0.001216141,0.060807041,2,14,0,0.028,NA,1,9
ENSG00000130830,MPP1,protein_coding,0.001208621,0.060431046,2,2,0,0.065,NA,1,0
ENSG00000101935,AMMECR1,protein_coding,0.001200851,0.040028368,3,1,4,0.073,-0.046,0,0
ENSG00000124313,IQSEC2,protein_coding,0.001172378,0.029309456,4,3,6,0.032,-0.028,1,2
ENSG00000101849,TBL1X,protein_coding,0.001170612,0.023412248,5,5,5,0.054,-0.035,1,3
ENSG00000147394,ZNF185,protein_coding,0.001169015,0.05845075,2,0,3,NA,-0.106,0,0
ENSG00000149970,CNKSR2,protein_coding,0.00116757,0.019459501,6,6,2,0.148,-0.173,1,0
ENSG00000166681,BEX3,protein_coding,0.001164541,0.116454112,1,0,23,NA,-0.065,0,0
ENSG00000071553,ATP6AP1,protein_coding,0.001157588,0.115758823,1,2,0,0.019,NA,1,0
ENSG00000123595,RAB9A,protein_coding,0.001129011,0.028225275,4,25,0,0.081,NA,1,2
ENSG00000146938,NLGN4X,protein_coding,0.001120176,0.022403526,5,35,0,0.276,NA,1,14
ENSG00000198157,HMGN5,protein_coding,0.001108369,0.036945625,3,4,0,0.068,NA,1,0
ENSG00000134597,RBMX2,protein_coding,0.001083568,0.108356818,1,1,0,0.028,NA,1,0
ENSG00000182220,ATP6AP2,protein_coding,0.001075377,0.026884424,4,15,0,0.017,NA,1,11
ENSG00000091482,SMPX,protein_coding,0.001074648,0.053732418,2,6,0,0.113,NA,0,1
ENSG00000101843,PSMD10,protein_coding,0.001069319,0.026732963,4,1,0,0.023,NA,0,0
ENSG00000126767,ELK1,protein_coding,0.001064195,0.053209755,2,1,0,0.047,NA,1,0
ENSG00000243978,RGAG1,protein_coding,0.00103584,0.051791988,2,11,0,0.102,NA,1,5
ENSG00000102109,PCSK1N,protein_coding,0.00102019,0.025504739,4,6,0,0.208,NA,0,0
ENSG00000047597,XK,protein_coding,0.001013678,0.101367836,1,6,0,0.109,NA,1,0
ENSG00000123131,PRDX4,protein_coding,0.000990011,0.033000352,3,4,0,0.023,NA,0,0
ENSG00000230162,CT45A11P,unprocessed_pseudogene,0.000986514,0.049325716,2,2,0,0.091,NA,0,0
ENSG00000102385,DRP2,protein_coding,0.000967424,0.048371206,2,20,0,0.106,NA,1,6
ENSG00000180879,SSR4,protein_coding,0.000952191,0.047609545,2,5,0,0.032,NA,1,0
ENSG00000078589,P2RY10,protein_coding,0.000922952,0.092295189,1,1,0,0.209,NA,1,0
ENSG00000169297,NR0B1,protein_coding,0.000914507,0.045725325,2,1,0,0.356,NA,1,0
ENSG00000102144,PGK1,protein_coding,0.000900816,0.030027204,3,1,0,0.047,NA,1,0
ENSG00000072133,RPS6KA6,protein_coding,0.000860617,0.043030834,2,8,0,0.046,NA,0,2
ENSG00000165591,FAAH2,protein_coding,0.000855592,0.028519717,3,2,0,0.05,NA,1,2
ENSG00000009694,TENM1,protein_coding,0.000848117,0.042405841,2,12,0,0.064,NA,1,7
ENSG00000270012,LL0XNC01-7P3.1,lincRNA,0.000836638,0.027887948,3,0,3,NA,-0.028,0,0
ENSG00000068323,TFE3,protein_coding,0.000823394,0.04116972,2,0,26,NA,-0.019,1,11
ENSG00000165169,DYNLT3,protein_coding,0.000818052,0.020451291,4,3,11,0.043,-0.031,0,10
ENSG00000101938,CHRDL1,protein_coding,0.000814324,0.040716221,2,3,3,0.069,-0.08,0,0
ENSG00000067992,PDK3,protein_coding,0.000807451,0.040372539,2,3,12,0.039,-0.063,1,3
ENSG00000165349,SLC7A3,protein_coding,0.000807414,0.026913814,3,3,0,0.23,NA,0,0
ENSG00000068394,GPKOW,protein_coding,0.000806781,0.080678082,1,0,8,NA,-0.015,1,0
ENSG00000001497,LAS1L,protein_coding,0.000794807,0.039740353,2,12,0,0.019,NA,1,3
ENSG00000203950,FAM127B,protein_coding,0.00079096,0.039547984,2,4,1,0.018,-0.063,0,0
ENSG00000185973,TMLHE,protein_coding,0.000783941,0.039197034,2,11,0,0.032,NA,0,10
ENSG00000182916,TCEAL7,protein_coding,0.000780601,0.039030033,2,10,1,0.033,-0.073,0,10
ENSG00000102221,JADE3,protein_coding,0.000772708,0.019317706,4,0,1,NA,-0.028,0,0
ENSG00000182872,RBM10,protein_coding,0.000766274,0.076627399,1,2,0,0.015,NA,1,0
ENSG00000177485,ZBTB33,protein_coding,0.000766232,0.025541075,3,2,1,0.06,-0.046,1,0
ENSG00000228986,RP13-228J13.8,processed_pseudogene,0.000764099,0.03820494,2,2,0,0.19,NA,0,0
ENSG00000102032,RENBP,protein_coding,0.000761423,0.038071154,2,22,2,0.043,-0.083,1,9
ENSG00000126768,TIMM17B,protein_coding,0.000753746,0.025124876,3,21,0,0.016,NA,0,11
ENSG00000131828,PDHA1,protein_coding,0.000752294,0.037614717,2,11,2,0.023,-0.035,1,8
ENSG00000196440,ARMCX4,protein_coding,0.000749185,0.037459261,2,0,1,NA,-0.065,0,0
ENSG00000147234,FRMPD3,protein_coding,0.000743291,0.074329059,1,7,0,0.2,NA,1,1
ENSG00000184481,FOXO4,protein_coding,0.000738775,0.024625842,3,2,2,0.028,-0.053,1,1
ENSG00000177324,BEND2,protein_coding,0.000735614,0.036780722,2,3,0,0.233,NA,1,0
ENSG00000242732,RGAG4,protein_coding,0.000723167,0.024105566,3,1,0,0.051,NA,0,0
ENSG00000160211,G6PD,protein_coding,0.000712583,0.035629158,2,0,2,NA,-0.045,1,0
ENSG00000155962,CLIC2,protein_coding,0.000710817,0.03554087,2,27,4,0.167,-0.092,1,6
ENSG00000189420,ZFP92,protein_coding,0.000703903,0.070390343,1,4,0,0.063,NA,0,1
ENSG00000102225,CDK16,protein_coding,0.000693425,0.06934251,1,37,0,0.06,NA,1,10
ENSG00000122145,TBX22,protein_coding,0.000692595,0.034629768,2,0,3,NA,-0.479,0,0
ENSG00000131080,EDA2R,protein_coding,0.000688034,0.017200844,4,0,8,NA,-0.061,1,0
ENSG00000130962,PRRG1,protein_coding,0.000684896,0.068489635,1,3,0,0.056,NA,0,0
ENSG00000234493,RHOXF1P1,transcribed_unprocessed_pseudogene,0.000654681,0.065468082,1,1,0,0.379,NA,0,0
ENSG00000205663,RP11-706O15.5,lincRNA,0.000647859,0.032392931,2,20,0,0.6,NA,0,1
ENSG00000205662,RP11-706O15.7,lincRNA,0.000647636,0.064763564,1,10,0,0.441,NA,0,0
ENSG00000214897,U82695.5,protein_coding,0.00063651,0.031825517,2,1,0,0.725,NA,0,0
ENSG00000179222,MAGED1,protein_coding,0.000617109,0.030855432,2,16,0,0.025,NA,1,13
ENSG00000176076,KCNE5,protein_coding,0.000614516,0.020483879,3,0,14,NA,-0.104,0,13
ENSG00000147224,PRPS1,protein_coding,0.000614155,0.030707746,2,5,0,0.032,NA,0,1
ENSG00000101997,CCDC22,protein_coding,0.000613783,0.02045942,3,0,4,NA,-0.013,1,0
ENSG00000186462,NAP1L2,protein_coding,0.000605881,0.030294037,2,27,0,0.061,NA,0,5
ENSG00000174010,KLHL15,protein_coding,0.000604682,0.03023408,2,0,21,NA,-0.038,0,1
ENSG00000186871,ERCC6L,protein_coding,0.000600085,0.030004263,2,23,0,0.362,NA,1,4
ENSG00000173275,ZNF449,protein_coding,0.000598889,0.059888887,1,0,4,NA,-0.035,0,0
ENSG00000204165,CXorf65,protein_coding,0.000597015,0.029850753,2,1,0,0.104,NA,1,0
ENSG00000102362,SYTL4,protein_coding,0.00059396,0.029698013,2,0,1,NA,-0.056,1,0
ENSG00000069509,FUNDC1,protein_coding,0.000586506,0.029325295,2,38,0,0.103,NA,1,8
ENSG00000072506,HSD17B10,protein_coding,0.000581172,0.058117163,1,7,0,0.032,NA,0,1
ENSG00000196459,TRAPPC2,protein_coding,0.000567187,0.018906249,3,40,0,0.175,NA,1,12
ENSG00000171388,APLN,protein_coding,0.000557468,0.055746775,1,6,0,0.183,NA,0,0
ENSG00000056277,ZNF280C,protein_coding,0.000549688,0.01832293,3,2,1,0.087,-0.047,1,0
ENSG00000183337,BCOR,protein_coding,0.00054076,0.027037999,2,1,0,0.031,NA,1,0
ENSG00000179300,ZCCHC5,protein_coding,0.000535809,0.053580926,1,17,0,0.146,NA,0,0
ENSG00000126733,DACH2,protein_coding,0.000526249,0.026312467,2,8,0,0.163,NA,1,1
ENSG00000130055,GDPD2,protein_coding,0.000526114,0.017537117,3,0,14,NA,-0.107,0,13
ENSG00000183690,EFHC2,protein_coding,0.000512852,0.025642586,2,11,4,0.184,-0.13,1,7
ENSG00000102401,ARMCX3,protein_coding,0.000504047,0.050404698,1,1,0,0.026,NA,1,0
ENSG00000229487,ALG13-AS1,antisense,0.000503991,0.025199564,2,1,0,0.178,NA,0,0
ENSG00000126016,AMOT,protein_coding,0.000503594,0.012589855,4,11,0,0.043,NA,1,0
ENSG00000187601,MAGEH1,protein_coding,0.000500946,0.050094552,1,5,0,0.019,NA,1,0
ENSG00000125355,TMEM255A,protein_coding,0.000499486,0.016649536,3,3,6,0.114,-0.089,0,3
ENSG00000203952,CCDC160,protein_coding,0.000497229,0.016574291,3,1,0,0.185,NA,0,0
ENSG00000077274,CAPN6,protein_coding,0.000496933,0.024846669,2,3,0,0.204,NA,0,0
ENSG00000147383,NSDHL,protein_coding,0.000494426,0.024721305,2,0,3,NA,-0.102,1,1
ENSG00000011677,GABRA3,protein_coding,0.000493335,0.024666727,2,9,0,0.149,NA,1,2
ENSG00000155961,RAB39B,protein_coding,0.000486587,0.012164673,4,7,10,0.125,-0.022,1,10
ENSG00000171004,HS6ST2,protein_coding,0.00047281,0.015760325,3,12,5,0.208,-0.244,1,3
ENSG00000126970,ZC4H2,protein_coding,0.000453815,0.045381525,1,33,0,0.056,NA,1,13
ENSG00000102030,NAA10,protein_coding,0.000453186,0.022659277,2,34,0,0.081,NA,1,6
ENSG00000082458,DLG3,protein_coding,0.000450944,0.045094409,1,2,0,0.055,NA,1,0
ENSG00000203930,LINC00632,lincRNA,0.000450172,0.045017199,1,6,0,0.066,NA,0,0
ENSG00000198934,MAGEE1,protein_coding,0.000434747,0.021737341,2,1,0,0.141,NA,1,0
ENSG00000049769,PPP1R3F,protein_coding,0.000433396,0.02166981,2,0,10,NA,-0.027,0,0
ENSG00000236120,RP11-733O18.1,lincRNA,0.000424933,0.014164443,3,31,0,0.176,NA,0,11
ENSG00000000005,TNMD,protein_coding,0.000416773,0.041677277,1,3,1,0.252,-0.179,0,0
ENSG00000181544,FANCB,protein_coding,0.00039551,0.019775492,2,0,1,NA,-0.08,1,0
ENSG00000160131,VMA21,protein_coding,0.000394703,0.039470304,1,12,0,0.021,NA,0,1
ENSG00000198960,ARMCX6,protein_coding,0.000392909,0.013096969,3,2,2,0.029,-0.027,0,0
ENSG00000196368,NUDT11,protein_coding,0.000391197,0.019559857,2,17,0,0.09,NA,0,2
ENSG00000234636,MED14OS,antisense,0.000387806,0.019390298,2,1,0,0.149,NA,0,0
ENSG00000171116,HSFX1,protein_coding,0.000378386,0.037838594,1,12,0,0.177,NA,0,0
ENSG00000264573,RN7SL15P,misc_RNA,0.000374517,0.012483896,3,27,0,0.345,NA,0,1
ENSG00000234062,RP11-308D16.2,transcribed_unprocessed_pseudogene,0.000372001,0.037200103,1,5,0,0.034,NA,0,0
ENSG00000102078,SLC25A14,protein_coding,0.000365521,0.018276053,2,0,3,NA,-0.029,0,0
ENSG00000174028,FAM3C2,processed_pseudogene,0.000355389,0.01776945,2,4,0,0.032,NA,0,1
ENSG00000124486,USP9X,protein_coding,0.000348128,0.034812827,1,44,0,0.159,NA,1,14
ENSG00000147166,ITGB1BP2,protein_coding,0.000346321,0.017316033,2,1,0,0.063,NA,1,0
ENSG00000125352,RNF113A,protein_coding,0.000345227,0.034522709,1,4,0,0.02,NA,1,0
ENSG00000077721,UBE2A,protein_coding,0.000336903,0.033690271,1,7,0,0.012,NA,1,0
ENSG00000166432,ZMAT1,protein_coding,0.00033231,0.03323105,1,11,0,0.024,NA,1,4
ENSG00000147041,SYTL5,protein_coding,0.000331817,0.033181664,1,3,1,0.305,-0.114,0,0
ENSG00000003096,KLHL13,protein_coding,0.000331348,0.016567418,2,6,0,0.112,NA,0,2
ENSG00000234449,RP11-706O15.3,lincRNA,0.000330101,0.016505031,2,37,0,0.789,NA,0,10
ENSG00000169083,AR,protein_coding,0.000325854,0.01629272,2,26,2,0.141,-0.068,0,8
ENSG00000101977,MCF2,protein_coding,0.000322015,0.016100742,2,13,0,0.035,NA,0,11
ENSG00000158423,RIBC1,protein_coding,0.000321439,0.0321439,1,33,0,0.124,NA,1,10
ENSG00000165370,GPR101,protein_coding,0.000318013,0.03180134,1,2,0,0.397,NA,0,2
ENSG00000184905,TCEAL2,protein_coding,0.000317257,0.01057524,3,1,8,0.091,-0.046,0,3
ENSG00000181191,PJA1,protein_coding,0.000315874,0.015793688,2,0,4,NA,-0.022,1,0
ENSG00000101955,SRPX,protein_coding,0.000312242,0.031224209,1,8,0,0.059,NA,1,3
ENSG00000147180,ZNF711,protein_coding,0.000310579,0.015528937,2,16,2,0.111,-0.166,1,5
ENSG00000185515,BRCC3,protein_coding,0.000310261,0.015513073,2,2,0,0.024,NA,1,0
ENSG00000102349,KLF8,protein_coding,0.000309776,0.010325873,3,1,2,0.042,-0.034,0,0
ENSG00000073464,CLCN4,protein_coding,0.000306759,0.015337931,2,1,11,0.11,-0.072,1,1
ENSG00000166707,ZCCHC18,protein_coding,0.000304514,0.030451431,1,1,4,0.069,-0.041,0,4
ENSG00000198889,DCAF12L1,protein_coding,0.000303659,0.015182945,2,1,3,0.446,-0.406,0,0
ENSG00000094631,HDAC6,protein_coding,0.000303625,0.030362471,1,8,1,0.019,-0.029,0,6
ENSG00000131174,COX7B,protein_coding,0.000303416,0.010113883,3,7,0,0.035,NA,1,1
ENSG00000260081,RP11-66N11.8,antisense,0.000303328,0.015166412,2,4,0,0.041,NA,0,0
ENSG00000050030,KIAA2022,protein_coding,0.000302301,0.015115031,2,1,0,0.042,NA,0,0
ENSG00000242021,RP11-268G12.3,lincRNA,0.000299576,0.014978819,2,0,1,NA,-0.3,0,0
ENSG00000169188,APEX2,protein_coding,0.000296759,0.014837951,2,1,2,0.06,-0.025,1,0
ENSG00000067177,PHKA1,protein_coding,0.000294283,0.014714167,2,8,1,0.043,-0.037,0,7
ENSG00000158571,PFKFB1,protein_coding,0.000292166,0.009738856,3,1,0,0.08,NA,0,0
ENSG00000125354,SEPT6,protein_coding,0.000278668,0.013933395,2,19,2,0.068,-0.049,1,4
ENSG00000224281,SLC25A5-AS1,processed_transcript,0.000271587,0.027158692,1,12,0,0.037,NA,0,10
ENSG00000183171,RP11-49C9.2,processed_pseudogene,0.000270511,0.013525536,2,1,0,0.111,NA,0,0
ENSG00000186288,PABPC1L2A,protein_coding,0.000266801,0.026680051,1,1,0,0.554,NA,0,0
ENSG00000129682,FGF13,protein_coding,0.000265945,0.013297249,2,16,0,0.057,NA,1,2
ENSG00000067840,PDZD4,protein_coding,0.000264799,0.026479943,1,2,2,0.114,-0.059,1,0
ENSG00000182195,LDOC1,protein_coding,0.000259582,0.012979123,2,6,1,0.037,-0.122,0,2
ENSG00000165509,MAGEC3,protein_coding,0.00025831,0.012915515,2,18,0,0.167,NA,1,12
ENSG00000102057,KCND1,protein_coding,0.000249283,0.012464171,2,0,5,NA,-0.05,0,1
ENSG00000198814,GK,protein_coding,0.000247631,0.012381569,2,3,0,0.05,NA,0,0
ENSG00000178947,SMIM10L2A,protein_coding,0.000246477,0.024647672,1,1,0,0.044,NA,0,0
ENSG00000102265,TIMP1,protein_coding,0.000243288,0.012164405,2,0,1,NA,-0.049,1,0
ENSG00000185825,BCAP31,protein_coding,0.000241879,0.012093973,2,10,0,0.017,NA,1,10
ENSG00000198753,PLXNB3,protein_coding,0.000232337,0.023233714,1,11,2,0.128,-0.066,1,11
ENSG00000068366,ACSL4,protein_coding,0.000229561,0.02295612,1,3,0,0.084,NA,0,0
ENSG00000196976,LAGE3,protein_coding,0.000228879,0.022887883,1,0,2,NA,-0.045,0,0
ENSG00000147144,CCDC120,protein_coding,0.000211443,0.021144297,1,0,15,NA,-0.028,1,11
ENSG00000230590,FTX,lincRNA,0.000202161,0.020216053,1,7,0,0.025,NA,1,0
ENSG00000232177,MTND4P24,processed_pseudogene,0.000199017,0.01990166,1,1,0,0.254,NA,0,0
ENSG00000280870,MIR325HG,lincRNA,0.000195935,0.009796744,2,3,0,0.276,NA,0,0
ENSG00000147003,TMEM27,protein_coding,0.000188616,0.009430787,2,21,0,0.124,NA,1,11
ENSG00000204272,NBDY,protein_coding,0.000187483,0.009374131,2,3,10,0.08,-0.021,1,2
ENSG00000203879,GDI1,protein_coding,0.000183574,0.018357429,1,0,1,NA,-0.03,1,0
ENSG00000280322,RP6-24A23.8,TEC,0.000182224,0.018222447,1,1,0,0.29,NA,0,0
ENSG00000156920,ADGRG4,protein_coding,0.000180206,0.018020594,1,0,5,NA,-0.132,1,0
ENSG00000071859,FAM50A,protein_coding,0.000175735,0.017573454,1,0,6,NA,-0.015,1,1
ENSG00000184867,ARMCX2,protein_coding,0.000175281,0.008764034,2,0,15,NA,-0.029,1,1
ENSG00000188419,CHM,protein_coding,0.000173912,0.017391211,1,42,0,0.079,NA,1,13
ENSG00000172465,TCEAL1,protein_coding,0.000170703,0.017070276,1,0,2,NA,-0.062,0,0
ENSG00000130234,ACE2,protein_coding,0.000169204,0.016920399,1,2,11,0.224,-0.486,1,3
ENSG00000029993,HMGB3,protein_coding,0.000165981,0.008299059,2,0,12,NA,-0.039,0,11
ENSG00000102010,BMX,protein_coding,0.000162893,0.00814464,2,1,6,0.159,-0.094,1,1
ENSG00000102309,PIN4,protein_coding,0.000162225,0.016222528,1,44,0,0.07,NA,1,14
ENSG00000157600,TMEM164,protein_coding,0.000160439,0.016043945,1,2,0,0.034,NA,1,0
ENSG00000232368,FTLP2,processed_pseudogene,0.000158692,0.007934624,2,0,12,NA,-0.085,0,9
ENSG00000036473,OTC,protein_coding,0.000143222,0.007161105,2,16,0,0.264,NA,1,0
ENSG00000067829,IDH3G,protein_coding,0.00014083,0.014083038,1,11,0,0.023,NA,1,11
ENSG00000101945,SUV39H1,protein_coding,0.000130224,0.013022381,1,8,0,0.037,NA,1,5
ENSG00000126895,AVPR2,protein_coding,0.000126208,0.012620822,1,1,2,0.144,-0.076,1,0
ENSG00000198455,ZXDB,protein_coding,0.000116966,0.011696639,1,0,3,NA,-0.033,0,0
ENSG00000049768,FOXP3,protein_coding,0.000115245,0.005762247,2,0,10,NA,-0.106,0,3
ENSG00000147059,SPIN2A,protein_coding,0.000114449,0.005722431,2,14,0,0.094,NA,0,3
ENSG00000235262,KDM5C-IT1,sense_intronic,0.000110796,0.011079597,1,7,0,0.357,NA,0,3
ENSG00000147113,CXorf36,protein_coding,0.000110261,0.011026117,1,30,0,0.175,NA,0,6
ENSG00000102024,PLS3,protein_coding,0.000109304,0.010930428,1,0,13,NA,-0.036,1,10
ENSG00000102001,CACNA1F,protein_coding,0.000109211,0.00546056,2,0,3,NA,-0.064,0,0
ENSG00000102317,RBM3,protein_coding,0.000107028,0.005351419,2,2,0,0.038,NA,1,0
ENSG00000198910,L1CAM,protein_coding,0.000106801,0.010680083,1,17,1,0.122,-0.227,1,0
ENSG00000261409,RP6-24A23.7,sense_overlapping,0.000100656,0.010065598,1,4,0,0.147,NA,0,0
ENSG00000130822,PNCK,protein_coding,9.4663E-05,0.009466303,1,1,0,0.075,NA,1,0
ENSG00000171433,GLOD5,protein_coding,9.42054E-05,0.009420544,1,0,2,NA,-0.267,0,1
ENSG00000102007,PLP2,protein_coding,9.25328E-05,0.004626638,2,2,1,0.052,-0.06,0,0
ENSG00000196468,FGF16,protein_coding,9.13301E-05,0.009133013,1,2,0,0.38,NA,0,0
ENSG00000147206,NXF3,protein_coding,9.07446E-05,0.009074463,1,0,1,NA,-0.162,1,0
ENSG00000122121,XPNPEP2,protein_coding,8.59486E-05,0.008594858,1,2,5,0.099,-0.102,0,1
ENSG00000130827,PLXNA3,protein_coding,7.85219E-05,0.00785219,1,0,5,NA,-0.054,1,0
ENSG00000101928,MOSPD1,protein_coding,7.78501E-05,0.007785008,1,2,0,0.026,NA,0,0
ENSG00000187325,TAF9B,protein_coding,7.61196E-05,0.003805978,2,1,0,0.025,NA,1,0
ENSG00000120280,CXorf21,protein_coding,7.42941E-05,0.007429408,1,6,8,0.105,-0.2,1,7
ENSG00000090776,EFNB1,protein_coding,6.89617E-05,0.006896173,1,1,3,0.062,-0.03,1,0
ENSG00000078596,ITM2A,protein_coding,6.3284E-05,0.006328403,1,9,0,0.044,NA,1,2
ENSG00000122824,NUDT10,protein_coding,6.22977E-05,0.00622977,1,6,1,0.106,-0.129,0,2
ENSG00000065923,SLC9A7,protein_coding,5.96379E-05,0.00596379,1,7,0,0.056,NA,0,1
ENSG00000147164,SNX12,protein_coding,5.90708E-05,0.00590708,1,2,0,0.015,NA,1,0
ENSG00000198930,CSAG1,protein_coding,5.86032E-05,0.005860318,1,0,1,NA,-0.415,0,0
ENSG00000235447,TRAPPC13P1,processed_pseudogene,5.83283E-05,0.005832832,1,3,0,0.232,NA,0,0
ENSG00000008086,CDKL5,protein_coding,5.56322E-05,0.00556322,1,16,1,0.036,-0.068,0,0
ENSG00000102181,CD99L2,protein_coding,5.52049E-05,0.005520492,1,2,3,0.04,-0.025,1,0
ENSG00000185010,F8,protein_coding,5.42759E-05,0.005427588,1,8,0,0.062,NA,0,0
ENSG00000102003,SYP,protein_coding,5.28623E-05,0.00528623,1,9,0,0.025,NA,1,6
ENSG00000188021,UBQLN2,protein_coding,5.01964E-05,0.005019636,1,0,14,NA,-0.018,0,0
ENSG00000182287,AP1S2,protein_coding,4.83009E-05,0.002415046,2,30,0,0.076,NA,1,3
ENSG00000179363,TMEM31,protein_coding,4.5371E-05,0.004537098,1,14,0,0.106,NA,0,5
ENSG00000227060,LINC00629,lincRNA,4.3701E-05,0.004370105,1,2,0,0.229,NA,0,0
ENSG00000147168,IL2RG,protein_coding,4.32806E-05,0.004328058,1,20,0,0.079,NA,0,11
ENSG00000184343,SRPK3,protein_coding,3.42179E-05,0.003421791,1,11,12,0.072,-0.07,1,11
ENSG00000000003,TSPAN6,protein_coding,3.36301E-05,0.003363008,1,9,9,0.039,-0.035,1,9
ENSG00000179083,FAM133A,protein_coding,3.24007E-05,0.003240073,1,2,0,0.095,NA,0,0
ENSG00000147257,GPC3,protein_coding,3.17184E-05,0.003171842,1,29,2,0.196,-0.211,0,5
ENSG00000226031,FGF13-AS1,antisense,2.92856E-05,0.002928564,1,1,0,0.131,NA,0,0
ENSG00000101856,PGRMC1,protein_coding,2.80131E-05,0.002801308,1,3,0,0.027,NA,1,0
ENSG00000268738,HSFX2,protein_coding,2.73905E-05,0.002739052,1,7,0,0.397,NA,0,5
ENSG00000102230,PCYT1B,protein_coding,2.619E-05,0.002618999,1,0,4,NA,-0.186,0,0
ENSG00000237863,RP6-24A23.3,antisense,2.0199E-05,0.002019898,1,3,0,0.136,NA,0,0
ENSG00000270069,MIR222HG,lincRNA,1.18643E-05,0.00118643,1,17,0,0.106,NA,1,12
ENSG00000213468,FIRRE,lincRNA,1.14625E-05,0.001146245,1,1,14,0.156,-0.123,1,12
ENSG00000214717,ZBED1,protein_coding,NA,NA,NA,0,42,NA,-0.28,1,14
ENSG00000002586,CD99,protein_coding,NA,NA,NA,0,44,NA,-0.442,1,14
ENSG00000185291,IL3RA,protein_coding,NA,NA,NA,0,40,NA,-0.261,1,12
ENSG00000223773,CD99P1,transcribed_unprocessed_pseudogene,NA,NA,NA,0,44,NA,-0.403,0,14
ENSG00000169084,DHRSX,protein_coding,NA,NA,NA,0,40,NA,-0.187,1,14
ENSG00000169093,ASMTL,protein_coding,NA,NA,NA,0,40,NA,-0.133,1,14
ENSG00000237531,RP11-309M23.1,lincRNA,NA,NA,NA,22,0,1.76,NA,0,9
ENSG00000169100,SLC25A6,protein_coding,NA,NA,NA,0,39,NA,-0.118,1,14
ENSG00000147100,SLC16A2,protein_coding,NA,NA,NA,17,0,0.042,NA,0,9
ENSG00000167393,PPP2R3B,protein_coding,NA,NA,NA,0,42,NA,-0.207,1,14
ENSG00000197976,AKAP17A,protein_coding,NA,NA,NA,0,42,NA,-0.09,1,14
ENSG00000178605,GTPBP6,protein_coding,NA,NA,NA,0,41,NA,-0.151,1,14
ENSG00000230542,LINC00102,lincRNA,NA,NA,NA,0,17,NA,-0.374,0,0
ENSG00000013619,MAMLD1,protein_coding,NA,NA,NA,0,13,NA,-0.098,0,1
ENSG00000182162,P2RY8,protein_coding,NA,NA,NA,0,42,NA,-0.304,1,13
ENSG00000196924,FLNA,protein_coding,NA,NA,NA,0,1,NA,-0.046,1,0
ENSG00000196433,ASMT,protein_coding,NA,NA,NA,40,0,0.523,NA,1,14
ENSG00000047230,CTPS2,protein_coding,NA,NA,NA,8,1,0.052,-0.029,1,3
ENSG00000124334,IL9R,protein_coding,NA,NA,NA,0,19,NA,-0.41,1,1
ENSG00000182378,PLCXD1,protein_coding,NA,NA,NA,0,42,NA,-0.408,1,14
ENSG00000130821,SLC6A8,protein_coding,NA,NA,NA,0,4,NA,-0.078,1,1
ENSG00000185960,SHOX,protein_coding,NA,NA,NA,0,10,NA,-0.418,1,1
ENSG00000177854,TMEM187,protein_coding,NA,NA,NA,35,0,0.056,NA,1,12
ENSG00000281849,RP13-465B17.4,antisense,NA,NA,NA,0,39,NA,-0.241,0,13
ENSG00000147255,IGSF1,protein_coding,NA,NA,NA,3,0,0.146,NA,0,1
ENSG00000198088,NUP62CL,protein_coding,NA,NA,NA,17,0,0.107,NA,1,7
ENSG00000205755,CRLF2,protein_coding,NA,NA,NA,0,19,NA,-0.256,0,0
ENSG00000223723,BX842568.2,processed_pseudogene,NA,NA,NA,0,1,NA,-0.193,0,0
ENSG00000226179,LINC00685,antisense,NA,NA,NA,1,21,0.175,-0.292,0,13
ENSG00000268883,PNMA6B,unprocessed_pseudogene,NA,NA,NA,24,0,0.538,NA,0,13
ENSG00000223511,RP13-297E16.4,lincRNA,NA,NA,NA,0,25,NA,-0.224,0,7
ENSG00000182492,BGN,protein_coding,NA,NA,NA,17,1,0.066,-0.049,0,7
ENSG00000213397,HAUS7,protein_coding,NA,NA,NA,0,1,NA,-0.107,1,0
ENSG00000123570,RAB9B,protein_coding,NA,NA,NA,2,0,0.043,NA,0,0
ENSG00000198223,CSF2RA,protein_coding,NA,NA,NA,0,38,NA,-0.143,1,11
ENSG00000165694,FRMD7,protein_coding,NA,NA,NA,5,0,0.297,NA,1,0
ENSG00000280767,RP13-465B17.5,lincRNA,NA,NA,NA,0,35,NA,-0.305,0,13
ENSG00000158164,TMSB15A,protein_coding,NA,NA,NA,14,0,0.14,NA,1,0
ENSG00000198881,ASB12,protein_coding,NA,NA,NA,5,0,0.112,NA,0,0
ENSG00000169562,GJB1,protein_coding,NA,NA,NA,1,0,0.169,NA,0,0
ENSG00000147231,CXorf57,protein_coding,NA,NA,NA,8,0,0.058,NA,0,1
ENSG00000225008,RP13-228J13.6,processed_pseudogene,NA,NA,NA,1,0,0.33,NA,0,0
ENSG00000102409,BEX4,protein_coding,NA,NA,NA,0,11,NA,-0.034,0,0
ENSG00000102053,ZC3H12B,protein_coding,NA,NA,NA,29,0,0.036,NA,0,13
ENSG00000147119,CHST7,protein_coding,NA,NA,NA,0,3,NA,-0.091,0,0
ENSG00000125931,CITED1,protein_coding,NA,NA,NA,0,1,NA,-0.093,1,0
ENSG00000147099,HDAC8,protein_coding,NA,NA,NA,5,0,0.024,NA,0,1
ENSG00000236871,LINC00106,lincRNA,NA,NA,NA,0,28,NA,-0.088,1,14
ENSG00000123572,NRK,protein_coding,NA,NA,NA,21,0,0.16,NA,0,1
ENSG00000236017,ASMTL-AS1,antisense,NA,NA,NA,0,31,NA,-0.08,0,14
ENSG00000186310,NAP1L3,protein_coding,NA,NA,NA,26,0,0.105,NA,1,11
ENSG00000022267,FHL1,protein_coding,NA,NA,NA,3,0,0.037,NA,1,0
ENSG00000207165,SNORA70,snoRNA,NA,NA,NA,1,0,0.038,NA,0,0
ENSG00000147251,DOCK11,protein_coding,NA,NA,NA,1,2,0.048,-0.044,1,0
ENSG00000173198,CYSLTR1,protein_coding,NA,NA,NA,2,0,0.085,NA,0,0
ENSG00000204131,NHSL2,protein_coding,NA,NA,NA,4,0,0.068,NA,1,0
ENSG00000212747,FAM127C,protein_coding,NA,NA,NA,0,12,NA,-0.03,0,12
ENSG00000182484,WASH6P,transcribed_unprocessed_pseudogene,NA,NA,NA,0,11,NA,-0.095,0,11
ENSG00000189221,MAOA,protein_coding,NA,NA,NA,1,2,0.049,-0.07,1,0
ENSG00000171659,GPR34,protein_coding,NA,NA,NA,11,2,0.06,-0.095,0,11
ENSG00000262919,FAM58A,protein_coding,NA,NA,NA,3,3,0.037,-0.031,1,0
ENSG00000089820,ARHGAP4,protein_coding,NA,NA,NA,0,2,NA,-0.03,1,0
ENSG00000147130,ZMYM3,protein_coding,NA,NA,NA,2,13,0.029,-0.03,0,0
ENSG00000102178,UBL4A,protein_coding,NA,NA,NA,1,18,0.065,-0.021,1,10
ENSG00000124333,VAMP7,protein_coding,NA,NA,NA,0,5,NA,-0.014,0,1
ENSG00000223571,DHRSX-IT1,sense_intronic,NA,NA,NA,0,1,NA,-0.641,0,0
ENSG00000182508,LHFPL1,protein_coding,NA,NA,NA,0,3,NA,-0.073,0,3
ENSG00000189108,IL1RAPL2,protein_coding,NA,NA,NA,1,0,0.381,NA,1,0
ENSG00000155622,XAGE2,protein_coding,NA,NA,NA,2,1,0.395,-0.357,0,0